{
    "accuracy": 0.8932291666666666,
    "precision": 0.8206896551724138,
    "recall": 0.8880597014925373,
    "f1_score": 0.8530465949820788,
    "roc_auc": 0.9566567164179105
}